{
    "best_valid": 0.6761057692307693,
    "selected_epoch": 20,
    "test": 0.6746153846153846,
    "time": 96.40996313095093
}