{
    "best_valid": 0.8792307692307693,
    "selected_epoch": 19,
    "test": 0.8789423076923077,
    "time": 228.22158575057983
}