{
    "best_valid": 0.88,
    "selected_epoch": 19,
    "test": 0.8792788461538461,
    "time": 214.27361583709717
}