{
    "best_valid": 0.8790384615384615,
    "selected_epoch": 20,
    "test": 0.8784134615384616,
    "time": 220.4024920463562
}